Genre,Rating
Fiction,4.652208835341366
Non Fiction,4.5961783439490445
